2.175,6.6,咁呢我已經send咗㗎喇咁呢個電話號碼尾數仲有六位數正007615
8.7,19.425,番開個超連結體圓撳返接受再確認就ok㗎喇咁放送短訊畀你同事同你講番一啲重要條款呀咁呢度有隨時唔明白呢有明白菜仔問番我嘅
21.375,22.5,貸款嘅用途係咩㗎
24.975,24.975,唔
35.175,37.725,係呀你要唔開撳返開個超連結
38.55,44.925,之後呢就撳返開始睇完之後撳返文件底破格仔剔返同埋近住就ok㗎喇
45.75,53.625,咁呢度呢就寫一齊鍾小姐申請貸款之前請先考慮清楚財政狀況同埋玩風帆的你申請嘅分期買前呢銀碼會係
54.375,54.75,呢個
55.5,64.275,港幣嘅五萬蚊嘅咁就乜啦12個月還每月平息計零點二九零實際年利率六點五七號月功課係
65.175,73.05,4310一個七全期總利息會係一千七百四十蚊嘅咁假如呢個銀碼呢覆核過冇問題之後呢咁
75.075,88.5,一經批核呢排唔到就會直接入返嚟呀指定匯豐戶口嘅但係我哋唔會再有任何電話通知返定唔會寄返工確認信畀你你明嘢批核再睇到眼嘅場新娘同埋第一期還款日期嘅咁啱啱嗰個
89.25,99.975,即係嗰啲就畀你參考返嘅咁第一期嘅還款日期呢就會係之前落到你個戶口之後下一個月嗰日開始就係還款日㗎啦咁你明白呢
101.025,122.25,匯豐定沒有為佢任何第三方轉介貸款申請確認呢次嘅心情並非由第三方有利益嘅安排即刻轉介嘅其實都想問一問中暑假係咪有曾經上網睇過你呢個計劃嘅資料嘅關於邊個推廣條例細則銀行貸款嘅將今朝嗰度買產品資料概要同埋關個人資料私嘅個人資料私隱條例通知係咪都清楚明白㗎啦
123.975,129.825,唔好咁你同熱銀海根據你個通知你同埋披露你個人資料聲明白受上述條
131.625,133.575,款係咪細則約束關於個人資料
134.4,144,個人資料私隱條例嘅通知你可以透過匯豐主網頁左下角嘅幫我就留難得到嘅咁想問下你有冇收到我哋短訊
146.4,170.4,唔好明白咁呢度已經睇到㗎喇你可以下載返銅儲存返你啱啱行咗去文件咁請留返如果你想提早上還全數太高我哋會收返你借款本金魚夾同埋本間見面嘅兩個percent款項如果你未能按其實還全數每月還款我哋會收返你每次港幣400蚊嘅預期還款手續費同埋我任何逾期未還嘅每月還款額收利息嘅你
171.525,179.625,呢幾點至五呢我哋都會參考反對內對外嘅信貸資料做最後審批因為遇上我所講嘅中小姐是否清楚明白同意